"","WT_t0_","WT_t0.5_","chl1_t0_","chl1_t0.5_"
"AT5G45340",6.73399723635514,10.533306195488,6.67037272400094,10.3704066868435
"AT2G15620",7.32499815803369,12.6048710167497,7.35284489150351,12.2256671336945
"AT5G40850",8.35797203788365,11.5657127244761,8.44790407478111,10.9946728578583
"AT1G78050",6.73414982043226,11.1294747095373,6.83745749143367,10.2930366636338
"AT1G24280",6.87361442092869,11.3222363600142,6.88926336668347,10.5439560125106
"AT1G30510",9.75968342857246,12.3819690490827,9.79291654772337,11.8396979206758
"AT4G09620",6.42425476205831,8.60218415081015,6.68759713544163,8.19274557829401
"AT1G70410",10.323862256609,12.1598344793327,10.3489537433168,11.7508391425307
"AT1G49500",7.45247530089592,10.9801246881027,7.66361663935551,10.152781402817
"AT5G67420",7.60966510621221,11.2619649010408,7.60941515871959,10.9090666397119
"AT3G47980",4.45024662227221,7.4252685528952,4.57321820540202,7.14793197145133
"AT1G37130",7.90462184025701,10.9857894351929,7.87676839191564,10.4361695693651
"AT1G12110",9.93710209192438,11.8227708256811,4.56580110508016,5.98449064928311
"AT4G05390",9.11108129736616,11.526263460317,9.09695356991273,10.5556114551858
"AT5G10030",6.62324139853571,8.59048674213888,6.73239698389013,8.00021272188782
"AT2G26980",6.97136573249975,9.6525140983435,7.00045135145832,8.60234589759538
"AT5G13110",8.6630616189939,11.3175232252252,8.58997633670822,10.611623764833
"AT5G41670",9.76517046915429,11.9787420049073,9.7476665799939,11.395076392355
"AT5G19970",6.8574322324156,9.69547689029536,7.19564408013406,8.26298189300857
"AT4G32950",6.00483867815788,10.5579701177149,6.52281320741483,10.6349090879681
"AT1G08090",8.095605055788,11.7403764017064,8.31395573571918,11.1644872130679
"AT4G31910",8.81674625152589,11.0415167792453,8.85669072689869,10.9104689260495
"AT2G48080",5.61028069655842,10.6833317543305,5.8664326433368,9.48173785137498
"AT2G17230",7.36026982612243,8.99134337462474,7.24768230399248,9.00344075222723
"AT1G63940",9.55617217824775,11.461178330559,9.48509784024485,10.6752313467942
"AT1G16340",7.27675539458957,7.06279047333701,4.54342894960122,4.37109148344939
"AT1G64190",10.7303274515668,12.5973348673675,10.6674168708362,12.0766311317295
"AT4G36010",7.02267208599506,10.5925948544622,7.06564479020981,10.1369006939896
"AT1G15550",7.41646652754415,9.04655317658545,7.37409622658223,8.75810132570415
"AT5G65210",9.32665913333964,10.9584782916815,9.42166955404779,10.7255125857395
"AT1G12090",10.5945762248427,10.3354018286132,5.12251548009017,4.96643815225613
"AT3G52360",9.76859995287147,11.468228659617,10.0027862096167,11.1570673377218
"AT5G62720",4.94474416821509,6.88401278464005,4.74899215252885,6.22282457974143
"AT3G49940",9.93609720438841,11.7106589653963,10.0612886826914,11.591971859361
"AT5G01740",5.97122882677863,9.33510270287885,5.92091886052478,7.26894229303649
"AT1G67910",4.6204475581387,6.86534220425769,4.55840768671352,6.1493480053969
"AT4G02380",10.0204167239098,12.6165742842027,10.2245698168918,12.0506757665338
"AT1G21590",7.96572314797938,6.36502211395249,7.91976587116446,6.51571811085297
"AT5G50200",10.9498351177194,12.5024302238575,11.1462484297444,12.0248069228309
"AT4G30470",7.39680877418933,9.37975912627976,7.49898407535936,9.18547954143958
"AT3G45970",8.95904541221157,11.3998622974327,8.72321270779391,11.3883130648298
"AT1G61100",7.61049183520444,8.96718659310701,7.45833397707457,8.87343394082008
"AT3G27960",8.75919332497946,9.80605946768022,8.6692296685512,9.68359823402108
"AT5G02260",9.34114212568827,7.77187897345165,9.30979700620651,7.89437615908
"AT3G13730",6.44027018611801,8.51355528617494,6.26901073016415,8.14814868162695
"AT3G30720",5.06104959746607,4.78308364599541,6.82279905511568,6.51071068913781
"AT1G61840",4.79409736181193,7.22755117693878,4.69649770897159,7.26037117885684
"AT5G12860",9.33164048868898,11.048126236926,9.28843283643404,10.5437657310187
"AT4G25835",4.47882168863732,7.20665871866759,4.71210910825674,6.47141298704102
"AT3G60750",10.6063448202146,12.2168810271773,10.5676332039751,11.5952188748652
"AT1G16170",6.45887443119107,9.02491499627417,6.50661732272187,8.51916368547458
"AT4G25620",6.80897263452287,8.67970974170038,6.80745768775832,8.29841165694225
"AT3G63110",7.09350152244638,9.24352139757513,6.73235186340377,8.64847545703437
"AT1G77760",4.99653426033013,9.42529903512523,4.89885991499065,8.35506286475881
"AT5G59490",7.25664447456832,9.09982673919014,7.25510233180097,8.94574226585602
"AT5G10210",4.78806098044005,10.0632132728328,4.98625104175769,9.32837406328333
"AT2G30040",6.68514201283677,9.56092590010391,6.68404810275723,8.80570322364695
"AT5G58700",8.67989743903555,10.1618807138499,8.63684578635835,9.69035844025502
"AT5G52020",5.46746874076632,7.20528459692351,5.78452377274859,6.77413222362365
"AT1G66140",7.34050299828378,9.00288778045038,7.4110942564689,8.87116110567578
"AT2G27510",11.0969054213691,12.3629595655404,11.1262199261982,12.0737468390046
"AT1G16390",6.67573725652373,7.74015857806501,6.54988969766056,7.77551910554614
"AT1G49160",6.64730518772957,9.4548319692877,6.64142847523987,8.85996949815055
"AT1G66470",6.2544432804061,7.35244055839643,6.21177153068539,7.45692314910209
"AT5G07890",7.18843185612693,8.57609932498966,7.34274125250333,8.29958885613605
"AT4G16563",6.90369374408,7.95211228453627,6.70992823304118,7.75698680641606
"AT4G31550",9.03037492264464,10.1668586958096,8.9933245113152,10.2971625120953
"AT2G34770",8.08452813174749,8.89430132216512,7.99973660957263,9.06610620655681
"AT1G32170",9.49376742436756,10.7054456197016,9.49677917778224,10.9025769738344
"AT5G58690",7.32299903540332,8.61015883111505,7.38085020237746,8.27469901405878
"AT2G47560",6.44668353747369,7.91755520772188,6.36754604004521,7.5928952604051
"AT5G67390",6.72467556244405,8.49856432202998,6.82790443829519,8.33399059127615
"AT1G74660",8.42460089150937,9.98325913299395,8.59692038030735,9.61275057409102
"AT1G68670",7.34853624300981,9.42164389574889,7.44304507254823,9.07962774340217
"AT1G17060",7.15998505844983,9.08453808050649,7.03009551185191,8.88581677866229
"AT5G54130",6.09923907193432,8.07134003972129,6.04489947711786,7.5866105640898
"AT1G66440",7.72942702736122,9.12017234276929,7.82946452020197,8.89721527128602
"AT1G61590",9.4822691019155,8.49038045150073,9.50834688185984,8.48963569033272
"AT3G60320",8.48673568452072,9.1441298311767,8.44843582204227,9.0469384881391
"AT4G38340",4.66713651842594,6.63506224923589,4.90955608940167,5.85560960201016
"AT1G57560",7.21659301503246,5.92125067965779,7.06959886706538,6.04118379449119
"AT3G50280",7.69881800816613,6.63441776222902,7.85951716667678,6.77429242656995
"AT2G39710",6.77894516081442,7.48458155967232,6.81371314089517,7.74688397888135
"AT1G75310",6.49790207967273,7.3712791424891,6.48935832222492,7.36459486423736
"AT1G72220",6.53116794184641,8.19625179696754,6.53623016937593,6.82027246379828
"AT4G00940",5.86561418443212,7.31129800998387,5.88105132897788,7.07143730493499
"AT1G05300",8.78712387143607,7.70280021480669,8.84333653815352,7.83026662689126
"AT3G15650",7.00349150086139,8.47112275301994,6.89331497617882,7.99762457196906
"AT1G13300",5.86539521448208,10.7641507495441,5.99762079128498,9.33045189930264
"AT1G67920",6.6551624189701,8.13819394260187,6.83186012792093,7.46699329042243
"AT2G24400",5.33522665158481,3.83076855788986,5.20593151978386,3.62693120422447
"AT5G07680",4.66810914325563,7.55869128694411,4.70956748399884,6.23296063640269
"AT1G43650",6.09922887778447,7.07236345676237,5.94960739517341,6.79530750730113
"AT5G02230",9.7224544993929,11.54660221268,9.75251773210252,11.6528866570725
"AT4G26690",9.08322647806279,10.5153060761454,9.0807444749137,10.4584109330496
"AT5G10820",8.27543688473644,9.24257457210042,8.34789561631088,8.97039991851673
"AT5G51830",7.92007420524504,9.56309075585473,7.8822637191784,8.81274618848641
"AT5G08010",6.21234161086768,8.28770701383985,6.46761536449882,7.53202540942335
"AT3G63010",9.52793855887396,8.74331407148789,9.48724230763473,8.88916125828278
"AT3G11410",8.89126997672654,9.90657565203605,8.92770741526341,9.64668619847475
"AT3G02850",4.8862769055994,7.07067221149053,4.96115191307214,6.077558838264
"AT1G62180",9.01887063711992,10.5534794619159,8.97761778188754,10.3207392472947
"AT5G37260",7.47313592421305,9.23259048073714,7.58008673028291,9.12734329053926
"AT3G12700",8.39449402988025,9.97768371394067,8.44580552096629,9.44384663969746
"AT5G35630",9.8161689819896,10.6320049748675,9.80163852568014,10.2110308477373
"AT5G39590",9.19103150570943,10.0408836007513,9.16115286933675,9.68964504898639
"AT1G25550",8.18135752548161,10.6293723368242,8.17452716828703,10.365171979582
"AT2G28720",7.91324837907111,7.09640045572374,8.12037736876502,7.25851657385195
"AT3G18560",8.43156072715022,10.3831855909711,8.39967858031722,9.66970419126284
"AT1G73920",8.69490256136396,10.0000258954508,8.77094784312432,9.19535821311692
"AT1G59970",7.45760299628129,8.91437562664159,7.45623017948073,8.656424388281
"AT5G01340",6.97707238117403,8.48542684667167,7.08170267566503,8.0869304630552
"AT5G65140",5.17825446396638,7.77757160971822,5.22427565980992,6.71268788484581
"AT4G39770",4.09591274050296,5.78191562321906,4.03913395414002,5.78735403066857
"AT4G24670",4.74098089044011,6.51943546766983,4.64804368954662,5.95024701879791
"AT1G43710",9.90020329398789,11.5701630052779,10.0060625271303,11.1654117097092
"AT2G38820",7.56407003869502,6.90185562562258,7.77978494834083,6.99112227590057
"AT1G66930",7.41031902834647,5.96088982354787,7.48655456703481,6.00797997427141
"AT4G36970",7.40204534475988,6.67766844509504,7.44326486954332,6.86536430495684
"AT3G52060",10.2002567822678,9.54221336594405,10.2526875807454,9.69235499197537
"AT3G59350",8.12371362692282,9.73953762665321,8.18512704679233,9.80559756768306
"AT1G66150",8.51230292484442,9.19844599470159,8.34683280421678,9.14269584820167
"AT5G59930",5.92808276950833,7.90802298777864,5.93125290259428,7.38780397765081
"AT2G38640",7.24076999662044,8.24945164492393,7.26590726530114,8.16671388304741
"AT5G13320",6.78453610248769,4.68542144942301,7.05169792607073,4.63274497683124
"AT3G10520",6.21369179092115,7.34230543070526,6.24628874542756,7.17086900816584
"AT3G56200",8.35241105297882,9.16041734751781,8.3930893483627,9.14240749192159
"AT4G08950",7.79372168699291,10.1620044650541,7.50351338164902,10.2049068338887
"AT5G65470",7.97203454575613,8.91006141666944,7.905447387815,8.91603785746781
"AT1G14340",7.33851539390497,8.5318814274774,7.55408751624719,8.27522093006859
"AT5G24010",6.11901304632428,6.97254513440022,6.1083988482165,6.96462674437271
"AT3G50660",7.42271621721436,8.71802349386951,7.51281119829419,8.41991310195578
"AT5G05400",4.80508735251243,6.12095880035049,4.78906385318294,5.60524136886609
"AT5G04250",7.06255298886865,8.33316853456264,7.00774360706105,7.73350613689321
"AT2G43760",9.59797595730678,10.5450027972073,9.57355000907955,10.0910990287175
"AT1G78090",6.99012055515563,9.11121337487795,6.89280550059933,8.50250762306871
"AT3G25790",3.43185966142363,7.39822910202704,3.5758784352369,5.34098753910152
"AT1G70090",6.03813496307251,6.96951086697609,5.89269129083842,6.80508019342068
"AT5G20885",9.28006273879218,10.7379593296446,9.30878844488578,10.5250423187976
"AT3G11700",9.19581386966771,10.0690201272811,9.11683591645672,10.1206692812633
"AT4G03500",3.79729535381312,5.11904634752547,3.95128234046178,4.56177345526873
"AT1G12990",6.22134960072121,7.26944287844817,6.08685133645174,7.20908160384136
"AT2G01680",8.077904713595,7.51894011511869,8.14050244851889,7.5140020999355
"AT2G32430",8.07842291773038,7.25992021177008,8.24144042020512,7.29163117630519
"AT5G12880",8.84175980083589,9.96517612142639,8.84249738994864,9.71883916953029
"AT5G40090",5.72464516779341,6.38061364590764,5.86515051565175,6.30798911371418
"AT5G40390",9.71139211287897,8.8619058281929,9.72118925102979,8.95470798092931
"AT3G55430",8.69628424212108,9.78531775323479,8.72019744201719,9.83497784802909
"AT4G22790",7.28263999863067,6.37126764826567,7.40288690591128,6.58705435883046
"AT2G01260",8.07353719871726,8.8959425861328,7.97690474617623,8.58149722254936
"AT3G59850",5.86457989151858,4.67676518927606,5.92482828085789,4.62161344583014
"AT2G42350",9.4543895149223,10.1744206454507,9.44500183487353,10.1054131891232
"AT1G62422",9.30881376542488,8.58748451059163,9.51671686525923,8.65853195664822
"AT1G79660",9.43779586744429,10.2763843268995,9.48681345806113,9.88960376183415
"AT4G00416",2.97207461879744,5.06890441688404,3.00526477930206,3.41992539946784
"AT5G54380",8.05332877954435,9.09224949048759,7.95501631638698,9.00924522288557
"AT3G48990",11.0360485101908,11.8630654478786,11.1213020858623,11.4758539631532
"AT3G11370",5.21867969234006,7.77779974752126,5.32190498611654,7.86941619201899
"AT2G46550",8.23318165679631,7.58813225749461,8.28725245462629,7.61994789446613
"AT5G40470",7.45720125208853,8.81456566686715,7.5180829657422,8.39512738105215
"AT1G12580",6.60001359486126,7.7390373194659,6.63614479426144,7.5732108390191
"AT1G80310",8.59512421382274,9.50263020297576,8.6715281079805,9.04783989052619
"AT3G11580",5.79309947998677,7.05585903523617,5.65247206220294,6.9926200797644
"AT3G15300",8.84131927019608,7.90994175949373,8.75889688872101,8.00156184209177
"AT3G07340",6.50757973257951,8.0734138884915,6.4999927530599,7.56642524382761
"AT4G01250",5.60891934773774,7.66297498060002,5.69275624762186,7.95523987369214
"AT2G22500",9.49097963702066,11.594876652269,9.4135921989398,11.2160052284768
"AT1G29400",9.07220670258758,8.30039646419936,9.15055141160131,8.45437244107641
"AT4G37540",7.83053087292246,9.70353630233555,7.87835996750486,9.2100848317774
"AT3G05490",10.6814236274691,11.2232514980252,10.6440329960113,11.2609172794002
"AT5G55970",8.07357752003832,6.69494200240342,8.26897881730525,7.00961058773269
"AT2G16060",5.70557892789428,8.40175209487812,5.86444958542097,8.02853016015551
"AT4G24780",10.6284461045608,9.84320090167263,10.750620247739,10.1442590599513
"AT3G15355",6.85422297009859,6.28817811961288,6.92039261233478,6.51172261947687
"AT4G27260",8.26227985155489,7.6287400776564,8.22626927979609,7.72494065624911
"AT1G72150",10.9231077530498,11.5242574635631,10.84071406862,11.4824813166583
"AT1G53340",5.38330152226474,6.15925922054967,5.27946987208221,6.0800033649628
"AT5G26010",4.57041076601594,6.24518551140541,4.47928119820745,5.76561293681439
"AT3G62930",4.6212167959143,7.18903026391843,4.45171247648661,6.68421707458284
"AT1G71040",7.3933708749472,7.9050187975618,7.28446731582744,7.92089274159144
"AT3G45330",7.04350682714503,5.89418723961212,7.11419568745074,5.8321271965889
"AT4G38400",5.26079294418397,6.97923074512646,5.218309604681,6.92464216966182
"AT2G43880",7.34869492272184,6.02439465795636,7.44536459492782,6.2527411181742
"AT1G73340",7.00378276276423,8.81281965397642,6.96848441122758,8.34373448225614
"AT1G55430",5.39272784393456,6.65735753815404,5.3439433595598,6.54125566407146
"AT4G36540",5.10002404397381,6.28556913982478,5.13575606361364,6.00077961764358
"AT3G49220",7.72437829031958,8.27376519556974,7.62319805473938,8.30331499610209
"AT4G33960",6.36237989797863,8.53226937047938,6.2567407420501,7.60285559459511
"AT5G66530",8.23438164615712,9.15017990577419,8.22901225973633,8.67182983644245
"AT1G20640",7.84130596339855,6.58709024554368,7.80294020674384,6.92365952609934
"AT5G52510",9.44535609999914,10.3325622957604,9.39807661210888,10.2463182398362
"AT3G17609",6.26451597863868,7.98828265257766,6.57103732480027,7.40171353658797
"AT5G54170",7.21916007755264,9.29695227340455,7.22643527468722,8.63156479791959
"AT4G15700",3.39848018387875,4.87765525662043,3.7625366312529,4.16246085350586
"AT4G37300",6.90160548501115,7.78268831491804,7.07167239350849,7.34905324135644
"AT1G36370",9.11806387502881,9.98375128480635,9.13219144378179,9.62219868514963
"AT4G24400",9.28430934059003,10.1907616976944,9.28417820258503,9.49838927018805
"AT3G28910",4.64879989186614,5.99226416212739,4.64628678695365,5.40835727235968
"AT1G21890",6.42783663266794,5.13386447563102,6.6624763453189,5.44261586807828
"AT5G15830",7.11590833828402,8.97053988390824,7.26187901677251,8.13165845575643
"AT1G76040",6.31199066938767,8.00469060288286,6.32999739568843,7.63538484240264
"AT2G42580",7.56310722765958,8.40657018237509,7.5223767778094,8.42637555066573
"AT5G42840",5.36936564030183,6.55406691685927,5.23513757129356,6.01811383616357
"AT1G72300",8.20429250592362,9.74685910874183,8.25098598470399,9.33861938441527
"AT4G25640",9.47725189589146,8.89229436876209,9.46654374051714,8.84517521425267
"AT3G07350",7.24648704143553,10.8929598952553,7.22457147184815,10.0622854756661
"AT3G18400",7.0287248897877,7.59853166147174,7.09043118217442,7.56161743646236
"AT1G76520",7.11888348227657,8.61956389325855,7.0273018983045,8.21053459313483
"AT1G72890",8.51868679079598,7.02235091147982,8.51909827697934,7.3942237778214
"AT5G04540",7.88795509529333,8.46729187333194,7.8898388166642,8.16849952192607
"AT3G45530",5.70042208785266,6.18785262510701,5.50933851035422,6.14446701940441
"AT5G16940",7.77532435778371,7.30453877669551,7.90977712821449,7.30367570767762
"AT5G27100",7.2789673605992,8.07426393673682,7.24963030303013,7.78278994470154
"AT3G23240",6.51532283501339,5.20375860762949,6.23134143328941,5.13694666703385
"AT4G02540",8.39270674031178,9.45547669004744,8.44804877243534,9.51185309274301
"AT5G26740",9.03201926221688,9.98020132833447,9.06613974163497,10.0357300006512
"AT2G27820",9.03086321615404,7.87960865932161,8.97991767124918,8.28378332658786
"AT4G18630",6.32914086698777,4.71861695516051,6.55120820124928,5.07081057327949
"AT3G52840",5.9294009872621,6.98121703704499,5.88077554593289,6.83306443932013
"AT4G25760",7.88783462010003,6.61765197243593,8.09706481098997,6.86919622603951
"AT3G25780",8.63924401796656,10.1967419187773,8.61479199784645,10.0424076168468
"AT3G23160",7.72060951016487,7.12262085024053,7.76834349633049,7.32171475001254
"AT3G21710",11.3073364449911,10.4003565125626,11.2571990847495,10.5230685803364
"AT4G03210",8.04465906547432,8.68290531573862,7.96588907995898,8.80899851158615
"AT3G16560",6.7950651476885,8.90914486080698,7.05274013261734,8.19345118069964
"AT3G26210",9.57980364263443,9.10022441338432,9.64944107268861,8.92626069166234
"AT5G05860",8.50726457706274,7.81549727360855,8.61777382418393,7.90028771770167
"AT5G67150",7.44321208633598,6.90762184740237,7.5738022138103,6.88440807903107
"AT2G17060",4.97563381944587,6.39622340482515,5.17131009206635,5.70670049049745
"AT1G56220",10.7184614195673,10.0273479431183,10.794185492629,10.2344292035582
"AT5G54660",6.39881102182376,7.78917585928764,6.44695386058293,7.37173078459841
"AT4G22070",8.41033785532443,7.23323142951703,8.44959603484212,7.49926305037895
"AT5G48175",6.36065532902344,5.49570884714214,6.60823329122225,5.70463431886618
"AT3G07470",9.46256001333733,10.3014573561509,9.45134452770476,10.1630150653504
"AT4G17080",8.73814480502801,7.78028872006398,8.77992989750506,8.12091593978437
"AT3G50910",8.43906538628157,9.16070862255039,8.43984802461545,8.84894088208956
"AT2G04795",7.78656979412231,8.83625769934139,7.83778347021755,8.48617869474786
"AT2G28110",9.66490795335556,8.72615200819796,9.74423902970939,9.18306164515557
"AT2G42070",7.50401497567306,8.29488640306273,7.57239403572167,8.06289869690853
"AT4G34760",5.78533351353467,6.85324690677926,5.89370795459732,6.17294978331496
"AT5G20540",7.0174909149735,9.13687384994761,7.02042731896711,7.90609173590939
"AT5G08330",7.2428738186381,7.92716143673818,7.14791421642964,7.92653988303828
"AT4G38420",4.6387891083406,6.77331353443533,4.7506623603047,6.75717356835521
"AT3G11390",4.58942201907049,6.17107568102849,4.69092560400135,6.03421865899513
"AT5G62430",5.7942613811757,7.35567984429969,5.48510029457517,6.48772926745588
"AT5G14760",4.92310639116266,8.08931675990892,5.39472051408936,7.42896866123803
"AT5G11930",7.58588250109382,6.28916353296272,7.62011450773403,6.7070668708895
"AT4G05200",9.80698687899391,8.97535977858407,9.82676322449315,9.10706430343237
"AT5G03380",10.862277767889,11.7699692926987,10.9446416213129,11.5838193662109
"AT4G36380",8.05213741767346,9.00494034241089,8.06886217112693,8.19140062507099
"AT3G05320",6.16403556338576,7.30551957086984,6.16332139868945,7.22617698675794
"AT1G55390",5.23827000720403,7.4609174775505,5.26740191885993,7.38807322540604
"AT3G16570",8.01935533987263,9.24382893813107,8.03465996239207,8.83938858663464
"AT1G18400",3.76070960135263,4.3340492886329,3.70838164021824,4.22771021319768
"AT2G26820",6.45245922381297,8.12120387569739,6.71696960605502,7.55773360306453
"AT3G19030",10.4424262386602,11.648551325297,10.5573473619362,11.4543727215627
"AT1G76990",11.3548917117778,10.7517478011721,11.3662650436346,10.828321813191
"AT1G19190",6.51961055111008,5.94878090053521,6.72444365668086,5.92778539637809
"AT1G21910",6.73742616428308,9.13334326025855,6.53595018874854,9.02324758726395
"AT5G49480",10.0228379330775,10.8479140613591,10.0861746430151,10.4636438163592
"AT4G05150",11.1343553126184,10.5736847084198,11.2508237560921,10.7915400948178
"AT5G26920",10.1088540321559,7.61884050677658,10.1018918396321,7.80193933223732
"AT1G19700",7.09220894223899,6.10547880689409,7.28927457730717,6.35197695915878
"AT4G28190",6.98885709076586,7.97641297585594,6.84814101086902,7.75455709958568
"AT3G52950",8.15134878636466,9.26830749643016,8.20262230361135,8.79010874010724
"AT1G08880",10.1084397607168,9.57026535689159,10.1886080421702,9.79159112679029
"AT3G54810",8.55696878294554,9.02872906318353,8.45069522211725,9.07342241111011
"AT1G52540",7.78576468469913,8.57283099828177,7.90866926940226,8.67667269905034
"AT1G10690",6.50763198921565,5.6203564261506,6.45528330074808,5.76459025762454
"AT5G13420",10.825583875821,11.8979740210035,10.8201122518635,11.5938544719075
"AT2G46620",8.96955334667602,10.0690426790423,8.97651731064904,9.45070503945189
"AT4G37790",7.62307588559114,8.47630303519626,7.78820771481868,8.63556365950717
"AT4G31470",7.54190251349019,6.94580408906525,7.43579314940701,6.72825005884529
"AT2G47460",7.02712478600252,6.07680361527476,6.96978240480439,6.09818342056753
"AT3G47520",9.92466723098646,10.4746231756561,9.88829489415409,10.2617134350456
"AT4G33420",9.41883138643255,10.6727882846239,9.35438674357993,10.6466956272208
"AT5G49100",5.69787266885859,6.507794599227,5.86910692521362,6.39124659104971
"AT1G77280",7.29572149142075,7.05468908645981,7.42198627971696,6.84854074408607
"AT1G67750",7.54126787330572,6.99822035778606,7.6534328405369,6.96224142899017
"AT5G58900",7.67513889130973,9.65379136145743,7.82486351477972,9.36054373072164
"AT2G21210",3.27225494383291,4.49600071548327,3.20352617021674,3.68873291947069
"AT2G34830",6.68737823910302,7.84497312277943,6.69281248125944,7.63471837502914
"AT1G54120",7.6469944890768,9.21930434499134,7.65112412766875,8.63990550838289
"AT1G70790",7.27181676433872,8.13961852218121,7.40630032428503,7.91952119494254
"AT1G55790",8.49386281116084,7.00274764876155,8.62335623115192,7.57343559961608
"AT1G68710",7.99522989178638,6.76581596571012,8.05329712300904,6.75596459964828
"AT1G19050",7.97761509171274,9.35017874511767,8.16143577536194,9.34568344388173
"AT5G10830",8.884708947213,9.42903641970192,8.7883078623876,9.42271760945091
"AT1G49560",7.07250328195214,6.2763507316234,7.0719255434184,6.23432648468746
"AT1G07230",8.30588659716561,7.80428294677876,8.37286108379809,7.91922294011632
"AT4G30270",8.03798001537408,10.1091861799881,7.88291919854556,10.0998430182612
"AT1G80380",7.37796835242225,11.6937359109303,7.50673963815655,10.5368140404384
"AT4G31000",5.41811539284268,7.0110897725462,5.44873336031052,6.98729871154821
"AT4G15680",5.90081767130178,7.57539199494735,6.06188666695914,7.13774147894421
"AT5G45000",6.88425456573343,6.43137247590971,7.06525116425475,6.4107337100703
"AT3G07360",7.89637310510241,8.84589376776147,8.0035298537839,8.63912104200786
"AT5G61340",9.48571182226155,8.3494161044836,9.47076881297681,8.44754364177017
"AT3G50900",9.31573787459377,10.5885964653573,9.35319030160773,10.0817041715451
"AT1G79320",8.52765658789029,7.72698145164554,8.62819727275091,7.64665755378722
"AT3G21070",7.79074633435105,7.22987253822612,7.74575599982059,7.21403572444805
"AT1G23480",7.31415234767598,8.64484796889226,7.2905504028511,8.51916191110063
"AT5G67080",4.73064963616145,6.69499862233966,4.59397458038728,5.8673571670034
"AT4G17670",9.01707266367331,7.02346841275321,8.91451254669496,7.70635933599829
"AT3G02550",9.15076431160216,7.60965338088472,9.17270508254679,7.95528432941262
"AT4G11020",4.02792332765271,5.51586793929092,3.85439346530168,5.29529438931172
"AT1G79970",8.62295533440659,8.13886980537121,8.57722826971789,8.15124794473113
"AT5G41810",9.15818109122757,8.26138497790158,9.18913455598059,8.53475970238225
"AT1G66450",6.22676538987694,6.95759216611837,6.33684910627347,6.50000141397632
"AT2G41830",6.84031651282801,7.53463903994681,6.8076448553528,7.60473527138401
"AT2G22200",4.03143404564497,5.40097308825609,4.11954886529613,5.20197359600777
"AT5G50900",9.09554766926286,9.68649641036505,9.03735107612445,9.5688081316351
"AT5G64850",6.90157114091015,7.80971309160269,7.15154512913151,7.91809725243878
"AT1G06760",10.6842542429544,10.0741133727518,10.6816178123508,10.1710090094595
"AT4G31540",7.17065537700075,7.73294783683496,7.13897916125685,7.75881080105518
"AT1G22650",4.75403950900772,6.07905792440371,4.77164635446525,5.73675904455409
"AT5G09800",6.60638519850414,9.33323727242573,6.78129152103696,8.93644556550003
"AT5G43040",6.58773686812072,7.38234198199729,6.50143648944425,7.38300387145879
"AT5G41000",6.99915802128857,6.41218656773781,6.94819320267254,6.55182471942955
"AT1G22530",10.0920549037662,10.9367945887514,9.9097550836527,10.8393265549912
"AT1G61660",6.48691428895188,7.51360731743029,6.48401002139254,7.25687970788709
"AT2G27080",9.19135139259888,10.5204343803358,9.09472157371219,10.5831501663799
"AT4G15800",10.2832056224245,11.2021251191563,10.2957997170963,10.9762939241263
"AT4G27900",7.58479781025544,8.65538984831611,7.70683359068112,8.20824601152599
"AT5G48370",7.10720326695315,6.63846709223044,7.11848316863574,6.60603109843312
"AT1G77640",6.13234450747844,6.7618359920429,6.04797458203955,6.83521488419194
"AT5G06800",7.23079378399845,7.86508366990024,7.22027756595681,7.39187843701971
"AT1G74940",9.37619346451779,8.46008063791649,9.36081770870493,8.82119724267738
"AT5G09980",8.142961315355,8.93066677362073,7.94045006539968,8.74068028251008
"AT3G56620",6.92434797540283,6.08922888263889,7.00836165949815,6.20144813480242
"AT4G17460",9.1164253473675,9.93245739497793,9.01821924390163,9.92096426896522
"AT1G64590",11.5516625227273,9.52079114698742,11.6459031220563,10.2051225986743
"AT4G26970",10.9575130502442,11.6525984846343,10.9418324686215,11.3860785381255
"AT4G36040",10.7486376037429,12.0999109858422,10.7981467274759,11.8881949605807
"AT1G59740",6.2826197661853,7.85425026447894,6.11877042045326,7.2850404520311
"AT3G03040",6.7121509916323,7.44894989366295,6.81520460701591,7.16490539427652
"AT5G04840",6.29862024367054,7.54714706702721,6.23535056438518,7.3325561159408
"AT2G01450",8.67054603009983,9.71487781125784,8.6079172493425,9.56312982386483
"AT2G02680",7.34504746675564,9.51004049962344,7.19299160801153,9.32859602442741
"AT3G05150",7.0659698607876,7.4936569215868,6.88393765807666,7.47324002303349
"AT1G34370",10.2853136935578,10.7586522885517,10.3455022642249,10.7740885375177
"AT5G09890",9.37363075058479,9.72440527566525,9.27531323612845,9.74313764110384
"AT2G45830",6.85586869737962,7.5220241852288,6.88653743199768,7.55849125720684
"AT5G19110",9.53570846753111,10.310855151116,9.34591952940539,10.4165038297313
"AT5G54530",6.51784247186841,5.87742581539492,6.68757284598834,5.87518880726382
"AT3G45960",4.49962815702462,7.81409431950729,4.51282193243797,7.68909275106464
"AT4G17550",7.33929864016148,8.05409836166785,7.39352590830896,7.79355826028067
"AT5G42990",7.8205490666842,8.79638989824971,7.93237092786069,8.4344104572596
"AT1G68500",5.8651716023854,7.18541276914864,5.77688657617268,6.67912901423285
"AT5G14000",7.17997587288822,7.82806965901697,7.28156054844794,7.75594532178543
"AT4G34860",7.92303047906595,8.58010850096036,7.86032419355924,8.20532001058613
"AT4G39070",6.33199031749337,7.00016826291887,6.29425646748584,6.96170324543341
"AT4G39400",8.7426511685059,9.37991049941826,8.73545658610252,9.42292956610524
"AT1G32920",9.55230205143827,11.1226110319185,9.38317898859301,10.8311632298358
"AT1G24625",8.30138907368487,7.80313302904636,8.25949014604382,7.80022870950735
"AT4G30110",8.20694171014107,9.38948287596291,8.15313398177245,9.07344875351117
"AT1G02810",8.50791759667357,9.62907260055995,8.52955183350567,9.81778801274401
"AT3G10190",8.64435470443924,7.86980998771428,8.65710495637818,8.03101515728411
"AT1G60710",9.88643756118076,10.3385454368631,9.93462528054462,10.1796811072772
"AT4G35320",6.57539137099005,7.1599203186086,6.58696505443776,7.10639184377234
"AT4G02180",5.60327752815134,6.33092994133558,5.56580496466706,6.24427450708972
"AT4G34740",7.10222420707844,7.7238909721912,6.97150626933132,7.23470757926961
"AT1G48690",6.83066530214955,6.29782763043778,6.93255825147581,6.28004368822662
"AT5G01720",8.08100907409792,6.79153855347665,8.11002067222413,6.91662754132773
"AT5G44210",6.33103917541942,5.52141941481086,6.39310519002445,5.77193010700377
"AT3G29760",7.13374982426693,8.02392963938491,7.16825710659223,7.47082258346011
"AT2G22470",10.0470392208829,10.7398758487791,9.94214195350081,10.7196990327313
"AT4G13340",6.892978419577,8.38670734618447,6.90549699124156,8.34751591654297
"AT3G54790",7.56042561468882,7.1468014823103,7.510520111187,7.07799287191152
"AT3G14205",7.96237768392748,8.43767941571186,7.84973603110979,8.27151179509203
"AT3G45680",7.72253908662653,6.94951925708627,7.64362275988109,6.84984617829256
"AT1G12200",9.3989171554032,9.97505319315537,9.31294402760359,9.95797815848935
"AT3G47160",10.1400826474898,9.55131922478055,10.2547017747494,9.64152784432572
"AT1G23060",6.46073052912322,5.62033335172082,6.51763639580358,5.69030108357999
"AT3G48360",4.41584614918957,10.3258836677536,4.51406258653196,9.30267642568622
"AT5G15230",11.760800770798,11.3069904415715,11.7675807443701,11.3333619828541
"AT5G02560",8.32756320846148,8.07797266310138,8.49177284486965,7.98333108105625
"AT1G74680",8.18027205967917,7.61814155821339,8.07517415203639,7.76856755865016
"AT4G01840",5.41913727569428,6.1406146976603,5.58202530439337,6.08171815284813
"AT3G56000",5.84561155357501,6.65071167824566,5.81502973971097,6.71168540386066
"AT1G69040",7.44073830859176,8.15969377844457,7.28021486845116,8.12878460097084
"AT5G15330",5.60403658186514,7.19309028648921,5.5969208340614,7.0064035332217
"AT5G57000",6.98766431123019,7.70972908756738,7.22792595316407,7.69759174875467
"AT3G61900",6.00564247338057,5.37967095993892,6.16452563608645,5.45612275377817
"AT2G28690",6.30360983958773,7.33133596543821,6.29566145694649,6.83777372789752
"AT2G19800",8.69550217572749,10.3029547347495,8.73580625089427,10.3794498265709
"AT3G58760",6.76379162308874,7.44002576047661,6.75632125926724,7.20664161572391
"AT4G27650",8.23591418444386,8.59762148872796,8.23123150752298,8.57525766554045
"AT4G02920",8.21208057782833,9.93192595514645,8.29204035042568,9.0806688314691
"AT1G66180",9.04193752988263,10.0270998882147,8.97271571852533,10.2245426284446
"AT1G30270",8.59059902802344,9.33498788825348,8.60052848241843,9.07366383650694
"AT4G25810",6.91314403234959,9.59669602915277,6.75232784548923,9.35062506467497
"AT1G47400",6.59648878068887,6.04118690948371,6.8373286433618,6.14677607511578
"AT5G47560",7.41859995085181,9.22028374666088,7.55234716279736,8.33182606361464
"AT5G14070",5.81178031512076,7.31300527600689,6.12585580422259,7.14649117676641
"AT1G70170",8.72580286213846,7.68741227140945,8.80590218313875,7.98283389971899
"AT5G65660",10.4646318558943,11.0931541611011,10.5224250077311,10.8542964816257
"AT1G16420",3.78736888852555,4.87070045376231,3.91789794786979,4.15819199962332
"AT5G48970",7.28791555926442,8.35663024059384,7.41158661709612,7.94833680622078
"AT2G46370",10.3373097841425,9.84086499261823,10.4448399023685,9.9606623847869
"AT3G63210",10.1774857007095,8.947060296193,10.1745128697037,9.25144220531148
"AT4G27654",6.60276113326203,8.13324200315103,6.30164368107304,7.85838370900008
"AT3G48100",8.52518767980743,9.51203684582735,8.56319046246757,9.38896298575709
"AT3G20830",6.90144100080857,7.2363711917466,6.90109125588304,7.44377463463339
"AT1G69810",7.96833340509033,8.47033228243588,8.03584229025106,8.5032958575438
"AT1G07640",7.75415347226254,8.40270102145371,7.70547843898636,8.27433626333649
"AT5G52810",6.8412950107943,7.70982215044555,6.9080858747613,7.35001776447788
"AT4G12390",9.40735016746704,8.762177413556,9.48407402850706,9.07079395530786
"AT5G52050",4.49101424624957,5.89442462704964,4.535537399001,5.45282400322341
"AT2G29650",6.36101350654764,5.93711625734833,6.34890732180473,6.01167261685635
"AT1G22550",9.88858481760191,10.9313650410954,9.82493186152496,10.6657438821342
"AT2G32270",10.5201889780515,9.96063437967999,10.6110146298244,10.3132756406149
"AT1G26730",6.00518972312114,7.05756089624449,5.85077486344847,7.06033269778039
"AT3G46720",6.01279991096506,7.05424028181229,6.03787838063459,6.88917943977551
"AT1G08990",7.83171185824991,7.201519224007,7.85970665146308,7.38586806352461
"AT5G17980",5.51171760299981,6.17708474468759,5.46702708734756,6.01074982454524
"AT2G28780",4.76915052494034,6.76998716720117,5.1503044710273,6.19808823728513
"AT5G22630",10.7165322485848,9.94365704773142,10.7116642933463,10.2804152260581
"AT1G72430",10.3012584991403,10.5616960649097,10.1843154703776,10.6644006700552
"AT2G17700",7.14189214266294,6.7047229688214,7.17392984758332,6.73319089750342
"AT5G44610",10.2996276428513,10.938225280948,10.4062165941497,11.0829548800761
"AT2G02630",6.37968392090337,8.19420906390262,6.30128366833335,8.04906303975659
"AT2G28550",6.98933063949802,7.81894968129608,7.0540785447659,7.76745298039562
"AT1G63090",7.39575789306434,8.15553992963417,7.55012501323162,8.23855355248761
"AT4G27410",8.30899327949183,6.85891669879649,8.36754977593784,6.98837725377137
"AT1G01540",7.84938221914532,8.30656152274825,7.78824378292695,8.13306376187346
"AT2G34490",8.4918348493635,8.01287220603676,8.7058289877037,8.19230812919405
"AT5G62900",7.28731552563942,8.59279910192099,7.32118356831451,8.16208150264613
"AT2G31730",6.61853085241787,7.5833033921106,6.75707632082766,7.6740618312921
"AT5G43310",6.2500922542131,6.79045171872204,6.27613233130837,6.90008717022449
"AT1G74450",7.86862191239179,8.31232860390591,7.83597233685985,8.18840124560184
"AT2G30520",9.79108891144261,9.13827857531881,9.54823388682922,9.0658694322291
"AT3G02570",8.33333905735318,7.91879823714314,8.42113561843919,7.93842277863667
"AT4G35260",9.8803453307266,10.2161977693639,9.81369339585922,10.1005334729197
"AT5G62920",8.17306162995813,9.35894646189979,8.36501276062478,9.32339919240137
"AT4G20170",6.55687584050229,7.38611806245352,6.63088728665495,7.52357075324346
"AT4G34950",5.69496773645302,6.25747780162113,5.5285472945258,5.70539061754737
"AT1G67800",8.90485982333526,8.29202228331829,8.90642269172391,8.3064138223313
"AT1G20450",10.5945021516797,11.3083210788355,10.6231046862255,11.2191276423155
"AT4G11170",6.07572771201632,5.00449892427987,6.00443527415508,5.14948438061648
"AT5G62480",9.20690727674584,8.57227526204618,9.21255905833534,8.70337423193889
"AT5G59080",5.03939245953359,7.22534986803139,5.16967358485954,6.96048262654502
"AT5G09620",10.0127026682997,9.60356420091647,10.0549580489857,9.61454641895277
"AT4G08930",8.82453667979488,9.18834248404471,8.83090278960718,9.24278276849526
"AT1G18140",7.4848202184237,6.29563874680568,7.54449673373082,6.60952871944511
"AT4G24050",6.08552690762915,5.38942406254351,6.06894453730028,5.52430548856321
"AT5G51630",7.6256777884544,8.44257287863045,7.54188298229396,8.32976093620043
"AT3G52870",7.889606459274,8.78467816787682,7.96159359871078,8.64999787515505
"AT2G41560",6.96771396381763,8.19229299128902,6.91237239760631,7.57754595004542
"AT5G54640",9.14430292583564,8.67794510156548,9.13857937360839,8.80050801382732
"AT4G20320",8.27829471628655,7.48535924373463,8.3280422999235,7.72361958387097
"AT1G68490",9.34688143786828,9.92642727615895,9.32229929492993,9.87369334911914
"AT2G22480",9.28855827318308,9.7325513940375,9.24078063059729,9.46810740936594
"AT5G56170",9.80014988780654,10.497634902043,9.82309515663405,10.4355699421741
"AT3G54140",8.65778133598359,8.27185636774714,8.74970808794869,8.26732450611924
"AT5G48400",5.87504178253975,4.83283625927473,5.80850172301097,4.81632405774357
"AT5G42420",9.01678774885605,8.7094834991247,9.09216331711148,8.64446019036179
"AT5G66200",8.38190897344304,9.11066475020692,8.5103689342666,9.18494449541102
"AT2G22430",9.62918368244559,9.11188761191972,9.6066525379479,9.33469144891421
"AT2G35940",8.81770975395796,8.14417099048576,8.77313826456869,8.34807636980673
"AT4G17070",8.68514106652454,8.26382580157028,8.74674231685559,8.4340076909401
"AT3G09960",7.61196352335897,7.30706957349967,7.75451765183466,7.28846122506041
"AT3G11600",8.77290104491886,8.03735351585608,8.93046500473223,8.13736267433179
"AT1G69930",4.74671758535043,6.372465707199,4.59022732632618,6.36658067698734
"AT1G01225",6.69535313081386,6.19935120271712,6.78894766158829,6.25412099438514
"AT4G30420",7.98779902125069,7.23508175805231,7.99948423356534,7.01246184479407
"AT4G27970",6.8630087057824,7.58088422945653,6.67616730894783,7.50687397243355
"AT1G66900",8.51430425793028,8.29407979882932,8.59092755491324,8.12878863043533
"AT2G43890",5.83882165181817,4.35309567416175,5.83157164728956,4.53713147863054
"AT1G21000",10.2406453024596,11.097580175269,10.2783768201993,10.6996782667926
"AT3G63290",6.12654146456718,5.58841008591176,6.00638009092838,5.79727409519281
"AT1G27740",6.50843581674566,7.07838671587876,6.63947567830979,7.28873611478116
"AT1G10210",7.38247909508139,6.76155442959937,7.63061296452388,6.9638362392403
"AT4G18340",8.15455027379564,10.6958667861146,8.23499353960032,10.203220552013
"AT2G29990",8.39128119223117,7.88417462563174,8.36241403393184,8.03561412051369
"AT4G01630",9.3966252689305,7.9585292467206,9.33505202320217,7.97524375953463
"AT5G51050",7.49251835125029,8.09003731382628,7.62567167374662,7.79885651138481
"AT3G45600",10.164423954892,9.82819060164254,10.2815701502812,9.88744219384118
"AT3G22540",6.26660225995414,5.34230655193323,6.43098287268314,5.43795344830828
"AT2G19960",3.86546928619126,3.49089527839749,4.34556160467112,3.64881465079746
"AT3G10760",8.89445148485404,8.41471103803071,8.70658191874528,8.35639732965521
"AT5G10750",8.3598590926693,9.0811495774084,8.43241951727652,8.85840782820663
"AT3G12540",6.54508737944068,6.14745512722705,6.46689310917426,5.86555094764872
"AT2G40120",7.37339899026688,6.94340824577198,7.38703470836055,6.7695391193513
"AT2G43500",6.61290617492803,5.48778089055799,6.57223906354282,5.90560211712287
"AT1G48300",11.0068626117277,10.5397158316199,11.0372917936182,10.5765313680752
"AT2G42900",5.32624180296008,5.92389792270327,5.54200468487315,5.92363489392128
"AT5G39610",7.04972280692437,6.09908958938791,7.27340314402897,6.24629079988075
"AT3G26980",7.37755723329353,8.54664951478485,7.4652610884478,8.62419439629869
"AT2G31085",4.41232703459935,5.27712372649609,4.70242421453482,5.3344533717543
"AT1G29180",5.49067609132691,6.53165619557157,5.70529287029577,6.30852334991016
"AT3G47340",5.31182171825712,9.11073863140106,5.68014465991213,9.03523905937774
"AT1G44970",7.65387069054869,7.37743017072321,7.67916763880907,7.13720649741263
"AT5G07370",8.2475082271282,8.61893045582521,8.48578969031878,8.6966301783291
"AT1G49860",6.00582377806606,10.0938383506105,6.40270838570518,9.00049431003577
"AT3G19680",7.75267215088377,8.82221805565963,7.68888168261007,8.95581442870928
"AT1G55760",8.11661777036988,7.69055300871205,8.18097067979149,7.74263007102284
"AT3G06990",6.31943517576302,7.17527658746313,6.25034582662623,7.04067326691428
"AT5G22270",7.83223317170551,6.77109575823674,7.91594161878913,7.09815416325679
"AT1G76890",7.36619985365058,8.13304922115754,7.29395840545693,8.12770236073003
"AT2G31990",7.58953221683145,6.84204890345782,7.71252079313062,7.06556823417806
"AT2G25680",5.95188859007629,5.40186049033404,5.85030686167529,5.40466071605687
"AT4G37240",6.72927319904817,7.59919336824363,6.70005616022213,7.71920698536896
"AT1G17620",9.5713006892003,10.3813433948843,9.37393309666568,10.372831456678
"AT2G03890",9.39228441353944,8.77521844037259,9.40825836574202,8.74886409670874
"AT1G03380",7.97484039453437,7.69371559472629,8.13288293798949,7.43623370396537
"AT2G34510",6.09092522017558,6.92325365308125,6.00070080508726,7.05879327196192
"AT4G24620",10.2649651067549,10.9393292618224,10.2322077385881,10.599754324719
"AT5G51460",6.66997884188029,7.50540076809318,6.79228680009427,7.31561133229437
"AT5G62020",7.29450391032722,8.38204101462309,7.2911041710803,8.07578842097747
"AT3G62280",8.03466090941495,7.58547678692819,8.04287812818309,7.63559697052431
"AT3G09280",5.05743348228176,5.40483811197154,5.03161620922494,5.63222468875084
"AT4G38060",9.14216644401646,8.13623517075696,9.26511908821054,8.46308246018165
"AT2G39510",9.60731166896031,8.72962498147301,9.69300408674119,9.05694513464974
"AT4G15690",6.38350197930865,7.46524854299426,6.5955240766533,7.34907512713228
"AT1G63450",7.25896844980746,6.66262791463873,7.16503015709634,6.64240324516011
"AT2G30590",7.44103463133446,8.05250197694358,7.40878514046526,7.80901863190518
"AT1G09160",7.43352743178672,7.78991876456869,7.40677542783721,7.75767789023813
"AT1G63800",10.2092750642513,9.81026055857579,10.2783752502463,9.75902412441071
"AT1G72790",6.68633399623717,7.83471089701567,6.65226091391764,7.8277311280711
"AT1G09575",5.45557167363798,6.52370838693565,5.66821499556899,6.20949299633965
"AT4G37610",8.55771467989493,10.06400476427,8.53847699007097,9.9221001961087
"AT1G20090",9.14601875454531,9.5411394296481,9.12873187178056,9.58000599839548
"AT1G56660",5.83334228772187,6.43955902075949,5.82961314041937,6.36270618340453
"AT3G49620",3.37051300196298,4.59205838184772,3.3619263138171,4.55987986746908
"AT4G17800",10.1178443021372,10.6910876559921,10.1602352884498,10.4483650542795
"AT5G43030",5.9059900055124,6.68651779150555,5.87284455274942,6.48842395256317
"AT4G13710",6.70961444850772,6.11714745207623,6.61992984573792,5.94424759549067
"AT5G03760",8.54212875312621,7.75494487074892,8.50155994225598,7.7243891052558
"AT5G62090",6.77712469337005,7.2950014317238,6.82744855334185,7.39981677078611
"AT2G28840",11.1565564287184,10.7038401585867,11.2637638652628,10.7831061719397
"AT2G29320",7.23672094840666,6.26531643240145,7.27121249140487,6.34308949890936
"AT1G43910",8.0302126015014,8.43194364365042,7.92494797900933,8.59219826698127
"AT5G49980",9.27543754546455,8.844251793931,9.26980019186397,8.81721982703094
"AT4G13100",7.61545290642953,7.08407008626256,7.78086534659273,7.12126824581244
"AT3G01900",6.77718235491643,6.10098714965054,6.962276999523,6.3701110303669
"AT2G26650",9.09625609000315,9.67485969553981,9.24414254685139,9.28818523287033
"AT1G18290",5.35011327420518,7.71171822426045,4.95766594042193,7.39678965150514
"AT2G47440",7.97175411552037,8.36914554904867,7.92852493958622,8.51884332378803
"AT4G33040",7.92353268266947,6.97764219775128,8.03691678597052,7.30322331398793
"AT2G35890",3.69071887010181,4.07099898659777,3.67646995324579,3.70890640634879
"AT4G12350",4.99947183180891,4.13527613470018,5.19981297642085,4.34219717964187
"AT2G30620",11.0078877069518,10.4496034205068,11.0565148494714,10.5898658736537
"AT1G57630",7.89703760071748,6.72410796162323,8.05125264329822,6.96288678323429
"AT1G78815",5.81939867329917,5.38990917269278,5.87625986864353,5.3106397906505
"AT2G38180",8.12663662447417,7.24337962805054,8.24046502097987,7.39154493917812
"AT1G19835",9.21976676278839,9.57186278227293,9.13214973652988,9.61356374198019
"AT2G34200",5.49031601481085,5.20546352550263,5.67007559168927,5.24642841171857
"AT5G01380",3.61157340209702,4.2088685471591,3.60393503531808,4.4888195515951
"AT5G48780",4.64464097196164,5.16411079917224,4.51830154156088,5.12395451084738
"AT5G17880",6.48321952177626,7.09673931506683,6.49842728094952,6.68693744950038
"AT1G35330",9.44351252676762,8.69506599886472,9.56729019405978,8.9228009022783
"AT1G12560",9.35275135178813,8.54988112547848,9.2544252662135,8.57590929564292
"AT2G33500",5.50322693237736,5.05206371369778,5.53482316281062,5.0359358895018
"AT2G26710",6.5555608193002,7.45425468575731,6.58374037828897,7.06925278944457
"AT1G08180",6.08638103977959,5.66015551062433,6.07958583559699,5.24345507998325
"AT2G01830",8.12461339823632,7.43187606016618,8.12338156445999,7.52177192733453
"AT1G11260",10.2313024570919,11.0739715994799,10.2896757478505,11.2826324821563
"AT1G55265",7.65654396405154,7.09825949248439,7.76006515890875,7.06733094773919
"AT4G18010",5.9865186383386,8.2353689681556,5.93106094493246,8.14917310450268
"AT2G45660",6.78006880183537,6.51409118524631,6.8663635371997,6.34476094229579
"AT1G44760",5.89495816400883,6.42046180266446,5.9016029901002,6.29460787999914
"AT4G20820",6.49445366617329,6.074393938121,6.71004998846297,6.1758250092938
"AT5G62220",7.51824266753829,6.53406658983608,7.47341659919414,6.73736872287351
"AT4G39780",7.73715890933211,9.13323289033836,7.80155738051447,8.9577682759433
"AT5G05850",6.87921964715915,6.10838015466972,6.86599226920375,6.14117303756887
"AT4G34000",7.54486770159651,8.9788409757828,7.56126109618217,8.20572772833713
"AT4G22980",5.2868205655649,4.78006572995022,5.55029039733294,4.79367374840738
"AT3G46880",4.37114364656438,5.9262840396657,4.28647598163161,5.3470062394109
"AT4G36640",10.2894545485268,9.7215663026671,10.3031167282758,9.59402604423942
"AT1G05200",6.19224699649995,5.76333742929433,6.36133446131824,5.72618205373228
"AT1G09155",6.02696027695564,5.28891673974452,6.15652171022071,5.48718619945084
"AT5G28610",4.61913023933926,8.51714005684026,4.68543536986946,7.63070533168006
"AT5G40590",9.7011639034044,8.99746817086793,9.87560944072112,8.94843634892051
"AT1G77500",6.92494565260712,6.23856645699645,6.91243411151168,6.47382217807071
"AT2G45400",8.88037039287751,9.62666508036764,8.92596373450619,9.69866403539887
"AT2G23050",6.45121296540018,5.30909764014514,6.28419095483711,5.68087356313353
"AT2G28460",6.15988865567416,6.79040987075871,6.2059264922164,6.77093936118344
"AT5G57950",8.01498623812601,7.73088543466556,8.09557626722101,7.73135737872663
"AT1G36380",8.86199925837326,8.50174726437099,9.0075452330621,8.46590461673053
"AT5G01560",6.04838259123812,4.7998256452144,6.3149831389939,5.21734123990465
"AT3G16150",7.23275532830825,8.63065407531383,7.33247515489001,8.73293129882854
"AT1G16510",6.80434203366266,5.81526888417539,6.92564625388634,6.03604509285487
"AT5G13900",5.72769377179298,6.90036647056938,5.95741440300334,6.41232285033188
"AT3G11420",8.18176774512672,9.15421552852717,8.08490374694152,9.09713132391868
"AT2G18050",9.38834887710364,8.33064899420768,9.50462415550293,8.61778221033635
"AT5G03310",5.04410885446136,4.11786690548561,5.49821050838057,4.11278944089036
"AT3G62720",8.14846925801159,9.57157928333575,7.9762399212344,9.49485073217394
"AT3G61590",6.44493221942973,7.21264051475647,6.41614523231881,6.90519543629717
"AT3G26610",6.73552505681287,6.08838235936042,6.91813462373489,6.27073284116136
"AT3G22104",6.34499693961319,5.59054845273806,6.26271301991282,5.86343264295584
"AT4G05590",9.33303644354215,8.90644919398628,9.46983729673405,8.97263134266949
"AT5G57770",6.87662978528573,6.38321295437393,6.88363934694884,6.42335822308979
"AT1G21550",6.73340169253442,4.86985281281148,6.87901991036467,4.90181622028732
"AT3G29370",4.36011023913378,4.80273371695017,4.45410623938686,4.77973730493196
"AT5G63790",9.04131452720704,9.8059475374909,9.07793000101635,9.8757704635127
"AT5G54230",5.96642898858561,5.42501224348656,5.99072719782891,5.75722415050003
"AT3G61460",8.559202798764,7.87909103989693,8.54326292736333,8.04225999676089
"AT5G64310",9.43548174325319,10.1431176810033,9.24442454220735,10.0285203332362
"AT1G51550",6.25450190919032,5.76678585721558,6.31388826303079,6.02145443762627
"AT2G17110",6.74694933392715,5.95670638058243,6.92289799559262,6.04710141262237
"AT3G43220",7.75772586288965,8.07834997707954,7.72194448905724,8.15949427732476
"AT4G25830",4.96570699948439,5.77901610710472,5.09736113435841,5.70210322038391
"AT3G63200",9.78941229175273,8.87742731781083,9.82897598635969,9.17025667487463
"AT5G05140",7.28153371280828,7.88148002304178,7.37023301402467,7.7565455009216
"AT2G40900",9.24752563874523,8.02872056485318,9.25823728007586,8.34362335488787
"AT3G51820",6.78996062498359,6.61181424622674,7.04571407690426,6.66561478819591
"AT4G15660",4.57325484775795,5.9636580514709,4.55386730439479,5.33006696827086
"AT1G57680",9.46434951065373,10.0896301736333,9.48331318834321,10.1028769141378
"AT2G44740",6.91379824045021,6.59767538888475,6.99372469341402,6.53834825319954
"AT1G77400",5.60690525530885,6.37562192861787,5.56504164724985,6.18357903737392
"AT5G24230",7.82340754976165,7.38209889575451,7.84432044089816,7.57319198593129
"AT5G09850",8.84237155140063,9.27757667657261,8.94353725456407,9.21585520864745
"AT1G66430",6.27533579629789,7.06164726133564,6.36910828813032,6.76461331767017
"AT5G23550",8.29046350078712,7.96585785945127,8.40807775529329,8.04205943993608
"AT4G31450",8.21859455307839,7.86247259401372,8.26624370732312,8.00481121542083
"AT5G59070",4.95523601800008,4.41633986935257,4.93535200920529,4.40993094579936
"AT2G03090",9.61529746789988,8.60747900920598,9.74755169680953,8.88361480177652
"AT4G02630",5.98169915925615,6.47214531713662,6.03157699870431,6.38884511661294
"AT1G19380",8.25166208000964,10.1814240375628,8.24787320654464,10.1207406556285
"AT5G67440",6.42636813229538,6.71705712300209,6.44691877930645,6.82700962759382
"AT5G46050",8.17702588586507,7.67252613577115,8.10534748360574,7.64538711357404
"AT3G57550",9.40999030877326,9.82030365708441,9.36635957362235,9.74432405312041
"AT1G51360",7.85219296977299,7.51389734863908,7.85501748344767,7.55767284137129
"AT1G02270",7.96820355546562,8.60988223120898,7.97911793774723,8.33714053744572
"AT2G46150",9.47137090928281,8.78616531559304,9.43692830623944,8.79805778528513
"AT5G16480",7.18267867863793,6.55111752246753,7.28437880356514,6.82156344693521
"AT5G47100",8.22734397629407,9.24202160563474,8.37526574403668,8.7697799944071
"AT3G22840",8.54613604694884,7.41826350102181,8.58244422327498,7.67647991782483
"AT1G64920",5.04826379202867,4.35840953113713,5.16468232533472,4.51364100576077
"AT5G19010",8.53352678748311,9.21840415447287,8.54267829609233,8.92966040548211
"AT3G25290",8.709671488789,8.10281481345798,8.62195583195203,8.0603353650983
"AT1G50040",5.2122587633588,6.10254349301677,5.08796721941766,6.10133931354246
"AT5G45650",6.70945902722152,6.1852209588333,6.78586570059702,6.1111403502385
"AT5G07820",7.04895118639532,6.50631133062558,7.05851056543126,6.43971944382266
"AT5G20790",4.01305072555393,3.59808290680168,4.20005401095286,3.53582126918973
"AT1G52240",7.51125990068956,9.21268295443419,7.57372351778759,9.13018540533976
"AT5G48850",7.06849448940451,8.65721901112923,7.02142250182211,8.16293313412129
"AT2G30990",7.89463773168251,8.23032922363165,7.91400916071118,8.36382703512576
"AT1G51640",4.96398670840187,4.55674592299913,5.092454303166,4.87916456297313
"AT5G59450",8.26121069139847,7.54100025567817,8.27270523213715,7.77782383567971
"AT5G53460",10.7489898022854,11.471794949197,10.624917047168,11.3801557056261
"AT4G25220",5.1195196930916,5.6748426415527,4.70505748287339,5.08753579349684
"AT5G54040",7.4254500797572,8.2116633746458,7.51754602884081,7.90593950948937
"AT1G53920",6.8761226582099,6.47307983168664,6.99517383531745,6.43423580095698
"AT3G27170",9.92822478111865,10.9222674935122,10.047100771295,10.5665326146613
"AT5G14730",7.55240942620733,8.5134124512878,7.53464070345558,8.64847532050759
"AT4G32890",6.37210211588476,5.50324875405854,6.42365481178,5.44937774757015
"AT1G43770",6.656807876803,6.24678883667661,6.69708755160362,6.23455308523097
"AT5G12470",9.92200797783415,10.2919756621192,9.92708087626155,10.2051432316703
"AT3G13040",8.46053833554548,8.07195563536743,8.53796074097132,8.16333363618611
"AT5G56610",7.45992500191659,7.07630011144712,7.48349200049752,6.94826361446091
"AT5G27950",7.7605627989115,7.30284792829045,7.79181789262475,7.27880005448213
"AT1G50110",7.21681094625859,7.61973477025204,7.14703594871352,7.52905739108163
"AT1G03820",9.04667063832826,8.6000897600967,9.13917119031618,8.57554553575416
"AT2G46690",11.2733618026088,10.3856148639421,11.335307230622,10.5910689438841
"AT5G57560",7.53988643563396,10.5702445903811,7.1535834501156,10.5091687285749
"AT4G19880",10.7335256273215,11.0413520383678,10.7331185925476,11.1076546401707
"AT2G18800",6.32440851800749,7.09633882780836,6.46371912322862,6.97153184436059
"AT1G68740",5.09522694641874,5.91664643081126,5.03979593311837,5.34378629645316
"AT2G46740",7.5694215274692,7.83665362356726,7.46247973885925,7.74380449719857
"AT5G44410",6.21255462720809,5.72507447479545,6.21491520114889,5.74837443349791
"AT5G65650",8.79891032493087,8.48007124423241,8.84743263405227,8.53552659810915
"AT1G23090",6.49283764934299,5.97261909976902,6.51050174012972,5.91988782616179
"AT5G43170",8.28858323025791,9.45833873006903,8.3372032318812,9.18552698717666
"AT5G27670",9.37039493838784,8.87408120787255,9.36847662405756,9.01115340432627
"AT2G22930",7.73973343699549,7.06734177195593,7.83835669226315,7.0193593953514
"AT3G59730",6.34098328763634,5.58831960195812,6.51179448488476,5.76144593654592
"AT5G63780",8.1700386091316,8.70272436016731,8.06571415953817,8.22339372908287
"AT3G59810",8.89196952042512,8.57253314196083,8.93662423969218,8.66958960004079
"AT1G80320",4.08671111142998,4.70289543880391,4.10202716834449,4.41291884474619
"AT1G68940",7.38600424286956,7.06172431845617,7.57218563325406,7.1058909284345
"AT2G05320",8.12812410910126,8.0558923537219,8.27246594010707,7.72309141508478
"AT3G61810",5.01016109201965,4.56700859685267,4.88029930054635,4.36237956841702
"AT3G14280",9.95032179863381,9.09112047995641,9.98177997486534,9.17813697861185
"AT2G24330",7.43326830803458,7.86147883789115,7.47823606015771,7.83187737680543
"AT3G60450",10.3136831069403,9.99681036767582,10.3546898410031,10.1263573289579
"AT3G60400",5.33323943933553,4.76734118027375,5.15557769367242,4.89028553294373
"AT1G10020",7.5477785205382,8.23727952239727,7.53003606935877,8.3390921588802
"AT5G15250",3.96904350639265,3.68859743133859,4.0773279696724,3.64317468015869
"AT4G04800",9.11555289269982,8.63883088109597,9.26999037883095,8.79175302548371
"AT1G71970",7.88918048762964,7.2084920281189,7.97834855652739,7.39225442111748
"AT3G59000",6.71439744030688,6.2498373413253,6.65694854777236,6.23151155067602
"AT2G29220",6.45979657148278,5.60874575166299,6.59719124113781,5.57833801660204
"AT5G15350",10.6840393358807,10.9822480746843,10.6054700301333,10.9692116259393
"AT3G54040",12.5264795776251,12.0949744964788,12.5323234115823,12.1421094010149
"AT3G27350",8.12607681947189,7.62459758652121,8.11825442708473,7.73227221541012
"AT2G39940",8.49571346201855,8.12266052958247,8.5183479261343,8.12758273737035
"AT4G29340",7.12997314800465,6.56502172739583,7.43193669853671,6.62825192853524
"AT1G14070",7.53140007975475,7.06584844080089,7.60022719095817,7.20418337123928
"AT1G68880",9.15569636490451,10.4124029477373,9.44145118080325,10.2179282738309
"AT5G52870",4.30136600566509,4.78278488652825,4.16512920287563,4.7265259594034
"AT2G30930",10.5793881681835,11.5098206145935,10.5611955247346,11.4389700135676
"AT1G70160",9.81931692925513,9.49747746278451,9.83920943298611,9.53102917271076
"AT2G34930",6.19660193607064,7.48274439168169,6.21857170723862,7.40336319916221
"AT4G35500",7.58274719130623,8.09149886090693,7.56535488102922,7.82605174428135
"AT5G04980",6.54240308619304,6.03250469380054,6.66933016862144,6.03726681229737
"AT1G15020",7.18716954100325,6.96966829415179,7.36552644191235,7.05210445880282
"AT3G06130",7.74442300924902,7.39729975423643,7.78102010531363,7.44906024937556
"AT1G06210",8.76487894178956,8.40848154094642,8.71569800057975,8.37496710362161
"AT5G03470",7.20842638517295,7.90714774380734,7.17101647553574,7.56415755388976
"AT5G65800",4.1366220631583,3.70615719793786,4.1904284094903,3.66756008081019
"AT3G51660",6.87846255121924,6.16268185742713,6.97484647927161,6.33539903608475
"AT4G35985",8.494880154456,8.93625689203288,8.55826648293259,9.01768333860864
"AT5G37770",8.61526393133741,9.2915208229035,8.56610679482623,9.1728040490984
"AT5G61010",8.09953236677487,7.73974912813333,8.2458933825626,7.871961501243
"AT5G54780",7.61220070094735,7.53514885799964,7.85529948936724,7.40479421517633
"AT3G17770",8.08000471517244,7.49842902382157,8.11574463175038,7.70159147435092
"AT1G53660",5.28418279592574,4.8515304668472,5.33867408719787,4.90598464188015
"AT2G21830",6.87254177858396,6.29284543924344,6.82794268022683,6.20221967200943
"AT4G38470",8.79258523285187,10.6091050312719,8.92077541686455,10.3767211794814
"AT3G50620",7.06818277527641,6.46092417598629,7.12866886630612,6.50683513661889
"AT1G07150",4.3868415193113,5.16350073249796,4.43814864612195,4.79007031793872
"AT1G62300",8.15603886489675,7.53722052481067,8.16632601281153,7.86726493415729
"AT5G27320",6.83737517081361,6.59460759832722,6.95338257055011,6.53431475970105
"AT1G63720",7.52267044119466,6.94089563327505,7.4462649560573,7.13989295232828
"AT1G74710",7.29458590217989,6.48713041800385,7.33209845921435,6.45319078731441
"AT4G20110",10.5688741291763,10.3120612057392,10.639379165701,10.2168032449679
"AT5G42440",6.81775843222293,6.13466870979543,6.96072298653414,6.17377699287276
"AT5G02010",7.25911237979424,6.70542351798039,7.20308172141274,6.75963177684789
"AT2G35270",9.16381100594084,10.384182012638,9.21472829279198,10.2480878604715
"AT5G35460",9.96724184991822,9.70542321730532,10.0100951605453,9.6145335601446
"AT2G39370",5.79448441296513,6.67481960993626,5.85208683737324,6.41008022034673
"AT5G27720",9.72774414514907,9.45113927107765,9.7177073723926,9.45074194827781
"AT5G18240",5.34494818565911,4.67293393220606,5.42946276909028,4.86346819045138
"AT1G28130",10.8384915401051,9.73644384599109,10.8158202274088,10.0399095727802
"AT1G61667",8.21850645636231,8.62345033759689,8.2041838604682,8.64978823980253
"AT3G63120",8.06162756065151,8.51610668322591,8.06229030110131,8.46460979977483
"AT4G03510",8.17972360165107,9.58979566268902,8.33150897300995,9.58865658328105
"AT5G12270",5.24308223955215,4.79569293701319,5.39934574125871,4.96691903132986
"AT1G74030",10.0082331112886,10.3423599648633,9.90893777420619,10.0798445416217
"AT4G30440",10.2423249554073,10.8204795339047,10.1703392304164,10.7181541208621
"AT2G39110",8.63946005894966,9.41460461754029,8.57483339130478,9.42615175063744
"AT5G04110",5.35162278767093,5.4330123915831,5.66240149905506,5.11275649275237
"AT4G22250",7.22197179327579,6.47096746229203,7.13875512755346,6.60932056000702
"AT2G32710",7.44335932010279,7.10919764218667,7.50704510584605,7.10612720561632
"AT5G56320",7.28342673444439,6.01508659172734,7.35938977266176,6.0725314276164
"AT3G44850",7.55472113968642,7.26051255894896,7.43864808561062,7.12299547139583
"AT4G30280",9.82923226674953,10.6979280653434,9.74107296599769,10.6183534338965
"AT2G41420",9.61437412942987,10.2576237188677,9.56738794201649,10.1897507966836
"AT3G25890",7.49129570364661,6.90947267030758,7.55999829211745,7.14674220867592
"AT1G72140",5.53399361896924,6.23743827593406,5.27626421988504,6.11045751512986
"AT1G53730",8.86626548581148,9.2323381250268,8.73932199581442,9.24344028674419
"AT1G68920",7.60888531100065,7.97980766586183,7.54435802518261,7.89997417152218
"AT1G13600",6.42734733027933,7.59348156674459,6.46559881348638,6.6822064142635
"AT3G54990",6.94270543720991,7.62600715546996,6.98945896722732,7.17697954575289
"AT4G14340",8.22854438274495,7.92951644552516,8.25946674977189,7.9770363057939
"AT5G40460",5.92883839418895,6.43907251180518,6.09627429927815,6.43019925542085
"AT1G55700",4.60627418718301,5.20711906586271,4.58365462117526,4.95766522719266
"AT5G20110",5.76197446733394,6.25842589366565,5.5935674131444,6.06269498952901
"AT5G41680",5.41188812627715,5.96940778689479,5.45296234836473,5.58701018647011
"AT2G24600",6.70652984269184,8.72655432892863,6.67423968382997,8.5678361597077
"AT5G06839",7.18753573266042,6.78696521595978,7.19556022566127,6.86378256095832
"AT2G38170",9.06966552348338,9.6072054040819,9.10074687578194,9.21250784097648
"AT1G20880",7.45539199353809,7.17855002066856,7.45710372153898,7.15778142733426
"AT5G11740",11.7887658693193,11.9735252822415,11.6527711306862,11.9785517859886
"AT3G61190",8.25719977794283,9.202882255726,8.06552557328474,8.87606749467597
"AT1G35350",6.86196017490081,7.86156376455553,6.91829019958593,7.85458850410298
"AT2G36650",7.17625202322959,8.41419282086005,7.24651753751658,8.13533090340257
"AT5G05840",5.08365969406185,4.52783561459357,5.08908672958221,4.51974410918746
"AT1G52870",7.47445069047713,6.92660493135888,7.50823434348441,6.78681608212907
"AT2G28710",7.90183692452553,6.96117185680589,7.95247468499239,6.97790081490685
"AT1G22570",6.81391179789057,7.55868152141916,6.80644513507028,7.33337137332802
"AT1G70530",7.74400735416457,7.20108835266268,7.74655982780583,7.31300862962039
"AT3G21510",9.98329071829195,9.48971467094185,10.0371470660942,9.60852588877996
"AT4G27860",9.66505711506303,9.3679074329904,9.74334066836463,9.39072001756266
"AT4G08040",5.11038888579913,7.2512841849145,5.15113317492764,7.45537441062503
"AT1G30500",7.90588267567616,7.25305424662422,8.21933058892815,7.38266454923057
"AT4G12300",6.9466999943137,6.19871940574796,6.98178984488648,6.31607084366414
"AT1G73000",3.61939672336937,4.41849201271479,3.64796691950251,3.88886601281276
"AT1G18880",10.3977361125364,10.0114056882886,10.3431419822524,10.0324033782938
"AT5G66100",6.86870968394279,7.12098867649574,6.73836881434391,7.03004682196737
"AT1G15740",9.08061088090267,8.51289674120905,9.05424537501988,8.59440320457334
"AT2G33480",7.84283865697549,7.01266604264896,8.08230273555526,7.35748616137329
"AT4G25350",5.47754700529649,4.90630455108665,5.66298397924622,5.09732019597882
"AT4G28890",8.76932713193065,9.24613341262607,8.89913174390039,9.03012923597499
"AT5G38450",5.42388955313412,6.68152756807394,5.10216608151443,6.34190059343213
"AT3G20240",7.44201827039752,7.05991028112907,7.29211323564356,7.21339336267624
"AT1G63600",4.27074336297225,3.79203492938295,4.31039761917981,3.79466710196298
"AT1G18280",4.46151256425956,5.787859380627,4.71167153996982,5.78977681703192
"AT4G27652",8.37225282062525,9.06313190651698,8.18938177912387,8.82182070655748
"AT4G17570",7.22796389672501,6.84915784641317,7.22917935325963,6.81118622702925
"AT3G61640",7.28751324250568,8.02788820590416,7.35429958822314,7.8960332584309
"AT5G58760",6.918819382479,6.4300128228251,7.05944734655846,6.3382304913665
"AT3G04060",8.60876763598289,8.13734069074533,8.66246523979313,8.22819107527923
"AT5G39360",7.69158745341599,8.14475037685102,7.57998767410468,7.98707285710643
"AT5G10650",6.64651600580915,6.18147423238822,6.79943120804513,6.46019847851491
"AT3G14080",8.15192294060698,7.96297620343448,8.2637806319575,7.91865392632704
"AT4G21326",4.35392614604585,4.69898021693069,4.43909323201749,4.738226459752
"AT3G59130",4.7848738269004,5.19205456888869,4.54501541857814,5.19476380918071
"AT1G63150",4.76570190827145,4.61544367994473,4.93148856158981,4.41656654393444
"AT5G60840",7.25459756665491,7.04420505256772,7.3024163610523,6.8763619513794
"AT5G23850",6.16153691600181,6.56783896050882,6.25803870153433,6.54525929592255
"AT4G27460",4.23919287575445,5.66225714652063,4.33586955916913,5.35584053988433
"AT2G29700",10.3449931497289,10.6699374392705,10.4035509426736,10.491507880584
"AT3G18040",7.31960889260071,7.97811502940704,7.3946994761914,7.95116322955785
"AT1G10120",7.04531752270105,7.46369019421271,7.01377783227003,7.54494504766115
"AT1G18860",6.59141034333782,6.23044628639729,6.55658456094488,6.23523729326904
"AT2G41660",9.64463765945737,10.0298296179852,9.65748975547673,9.3453865595797
"AT3G61850",6.92916585797726,7.86831085835059,6.95293384991348,7.70793042487389
"AT5G66985",8.43541326905628,9.78061243605455,8.61234568275544,9.55984559213603
"AT3G13620",6.96855470254181,6.32382341989016,6.98328317227958,6.5059032652472
"AT2G16660",8.81399192465165,9.6751065542554,8.66541960992165,9.12291956466011
"AT1G05880",6.448645750498,5.94258264630102,6.70947039877552,5.85227981188236
"AT3G63380",8.5043313005938,7.24013376128345,8.59706084960081,7.27338356641392
"AT1G09070",10.9751873148803,11.8768810366838,10.9677482593311,11.9128943173362
"AT5G16380",7.68589471077403,7.17825025110152,7.85114785085853,7.41509219659073
"AT5G12900",6.05282437421184,6.49734507570944,6.28268556324654,6.48738024174199
"AT1G29240",5.11147683884139,4.71455434822851,5.32838482008115,4.84360534064489
"AT5G25350",9.93564913964243,9.33945171690496,9.97035784711661,9.40632956057263
"AT3G61880",5.18528774472499,6.18629936159108,5.07336634354322,5.58756175686783
"AT5G53110",8.64874329001795,7.90407547932674,8.68801744923352,7.85043910356835
"AT2G01150",8.13128591485432,8.66665291782156,8.20001709830463,8.8261919484381
"AT3G27390",8.69669871375302,9.05197533956803,8.70402412389084,9.13680623813111
"AT5G48770",4.13980290050609,4.86137647634723,3.98193816747814,4.59757964468868
"AT4G15290",8.45288932955762,7.93556976002079,8.39756711686943,7.80132178926048
"AT4G36740",4.63557530530269,5.0566122409067,4.5034202306824,5.09378486305383
"AT2G13620",3.33552902677295,3.5520308147082,3.31011435122465,3.66172037015302
"AT1G61740",9.16387390980899,10.858675503755,9.19635163857936,10.377950116737
"AT5G60950",10.1330259316802,9.88839759954929,10.1909481227568,9.82176979665924
"AT4G04630",6.23080303935134,5.62812554376591,6.3723452207219,5.78781150825697
"AT3G21420",7.98990509958059,7.58196764984615,7.90903946175837,7.4534280256043
"AT5G39990",8.9800784760137,8.57874378580296,8.83685989670678,8.50203516667229
"AT5G51770",6.36274103132813,6.81623676777624,6.4140554131157,6.89171652921925
"AT5G54840",8.88323063147146,7.65418789171546,8.94562600904806,7.93983527565228
"AT2G34810",5.6397340234812,5.09031205516187,5.84795819592884,5.04799828591534
"AT2G32800",6.3901017741397,5.86265989309621,6.37841217597348,6.04385995887124
"AT2G41870",6.54921526714183,6.0646528350117,6.63494886463976,6.19777718630776
"AT4G10270",5.33118095021361,4.25780363112473,5.25359353006262,4.26820147117323
"AT3G17040",5.24874995116372,4.85431514655008,5.14139633698451,4.92477555460651
"AT3G24750",5.07785507007562,4.42093430095737,5.41728481945518,4.54569309053001
"AT3G61890",7.34251706087667,5.97364200235785,7.42783707544934,6.1548642070241
"AT2G24070",4.60962023523933,4.29598660631775,4.88806148113199,4.44859079348168
"AT5G14880",7.70252648067344,7.06958849370445,7.68200743615695,7.28376743754243
"AT5G40100",5.90544815406859,6.6492154889502,5.70480955409888,6.64368969228556
"AT3G55910",6.27499725011188,5.78473046217409,6.43401051893669,5.84415517222017
"AT3G23030",8.38261695848128,9.62632326919212,8.44247802498747,9.3936505424241
"AT5G46190",6.61055902218106,6.91692782774957,6.68338524638997,6.85232914292171
"AT3G56270",4.98885163456646,4.61471221402236,5.06586212955837,4.74257510303651
"AT1G21780",8.50092673014252,8.22456762196851,8.67306077482866,8.26052504046801
"AT4G16750",6.27084496536784,5.15329592335224,6.29391930705519,5.35618851934143
"AT1G49660",9.84853884296575,9.15696787594742,9.85441371447278,9.06818324736964
"AT5G59940",6.72543097949126,7.42388093224263,6.58151364360286,7.34264828845937
"AT4G24180",6.64296143103531,7.1417528232706,6.67741784914943,7.16165589799815
"AT4G16447",7.23519259668135,6.58140423414813,7.1007846607026,7.23331593156616
"AT4G21990",9.23101915605514,10.1907442544792,9.09595180038558,9.9171113303219
"AT3G60980",7.8041570252499,8.17174416505223,7.9080028062377,8.20713995379572
"AT1G54210",7.75634478360745,7.37316490004142,7.89148794307612,7.4599641273232
"AT5G57660",6.56418789792158,7.88755729404103,6.70551352533761,7.70886701526395
"AT3G47480",7.91625370749037,6.33575617367877,8.06349375971457,6.33112032125912
"AT1G60010",8.95206887733811,8.2971082276116,9.00659913205522,8.6230845367233
"AT1G03850",10.5516249106179,11.0785983070468,10.5961818291392,11.2186055494328
"AT1G17745",11.6964477528798,11.3601841956839,11.6092623616263,11.2732210257519
"AT1G60190",5.37868959008343,6.25677223310741,5.24735193761101,6.18616484613094
"AT2G29050",7.32990185427769,7.13439707481431,7.39382239087436,7.07243188574916
"AT3G15090",8.64561805929167,8.30511328851633,8.63887776843985,8.2197876895681
"AT2G17150",7.26148116571823,8.00725423994823,7.33343313814438,7.39497425784891
"AT1G04680",9.46931610519151,8.97924017535387,9.34204605086079,9.09969708328521
"AT4G21350",7.56736011453331,8.09420930761577,7.48794704387525,7.76725072510297
"AT3G44190",9.58209619716666,9.91431570259438,9.67482907248182,9.90330080475182
"AT1G76760",8.49097493767883,8.20987615361236,8.60054693244253,8.27519989713531
"AT2G39000",7.89457014048445,7.62243466587604,8.04795548469442,7.59559833652109
"AT2G17480",7.59398253206469,8.3027463458855,7.45607898108839,8.25060736468084
"AT5G23870",5.15975476103916,5.89851632112949,5.22269051715382,5.6138116216014
"AT1G21450",8.20948974033549,7.83771242169102,8.20566876881272,7.80779803979617
"AT5G02270",10.4025773037868,9.97074342569335,10.2907031913513,9.78915198168308
"AT2G33700",6.88613991018221,7.70745685322832,6.95960036480198,7.57053019439455
"AT2G15880",3.84090376119815,3.77320180731196,3.46227701940283,3.80836421173018
"AT2G39950",6.50658786843168,7.37587402039183,6.53519224108022,7.19346212266377
"AT2G47160",7.53298775098884,8.52594381892467,7.51617790716395,7.75315438049325
"AT3G49930",7.51461243786326,8.03118041742323,7.51923100083418,8.23109858039454
"AT1G53310",10.8876965495088,10.5863866647205,10.794287598343,10.5118790303722
"AT4G24110",5.15600756292217,6.76100747084214,5.09457283370117,6.55762850247479
"AT1G22510",7.49109278318256,8.50671100277678,7.64056220961671,8.46381022973559
